{"cameraMode":{"drawMode":0,"name":"Shaded","section":"Shading Mode"},"sceneLighting":false,"audioPlay":false,"sceneViewState":{"showFog":true,"showMaterialUpdate":false,"showSkybox":false,"showFlares":true,"showImageEffects":true,"showParticleSystems":true,"showVisualEffectGraphs":true,"m_FxEnabled":true},"in2DMode":false,"pivot":{"x":-14.451854705810547,"y":-0.010828256607055664,"z":-0.9862234592437744},"rotation":{"x":0.0407477505505085,"y":-0.7472193837165833,"z":0.046012066304683688,"w":0.6617295742034912},"size":9.028280258178711,"orthographic":false}